{
  "probeStats": {
    "averageFrameTime": 0.9370000000000012,
    "latestFrameTime": 3.2000000000007276,
    "p95Fps": 666.6666666666666,
    "p95FrameTime": 1.5,
    "p99FrameTime": 2.1999999999989086,
    "sampleCount": 600
  },
  "longTasks": [],
  "userAgent": "Mozilla/5.0 (X11; Linux x86_64) AppleWebKit/537.36 (KHTML, like Gecko) HeadlessChrome/148.0.7778.96 Safari/537.36",
  "memory": {
    "totalJSHeapSize": 12700000,
    "usedJSHeapSize": 10000000
  },
  "domCount": 544
}
